title,location,skills
Mobile App Developer,Remote,[]
Senior Software Engineer,Remote,[]
Senior Full Stack Developer,Remote,[]
Web Developer,Remote,[]
Senior React Full stack Developer,Remote,[]
Administrative Executive,Remote,[]
Full Stack Engineer,Remote,[]
Internet of Things Technical Lead,Remote,[]
Senior Software Engineer,Remote,[]
Javascript Fullstack Engineer Senior,Remote,[]
Full stack Ruby on Rails engineer Earn equity,Remote,[]
Full Stack Developer,Remote,[]
Senior PHP Laravel Developer Full Stack,Remote,[]
spoke person,Remote,[]
Senior Data Engineer,Remote,[]
Sr Software Developer PHP MySQL,Remote,[]
React Native Developer,Remote,[]
Intermediate Angular Developer,Remote,[]
Senior Software Engineer,Remote,[]
